# GZIP Compression Start

<IfModule mod_deflate.c>
AddOutputFilterByType DEFLATE text/plain
AddOutputFilterByType DEFLATE text/html
AddOutputFilterByType DEFLATE text/xml
AddOutputFilterByType DEFLATE text/css
AddOutputFilterByType DEFLATE application/xml
AddOutputFilterByType DEFLATE application/xhtml+xml
AddOutputFilterByType DEFLATE application/rss+xml
AddOutputFilterByType DEFLATE application/javascript
AddOutputFilterByType DEFLATE application/x-javascript
AddOutputFilterByType DEFLATE application/x-httpd-php
AddOutputFilterByType DEFLATE application/x-httpd-fastphp
AddOutputFilterByType DEFLATE image/svg+xml
BrowserMatch ^Mozilla/4 gzip-only-text/html
BrowserMatch ^Mozilla/4\.0[678] no-gzip
BrowserMatch \bMSI[E] !no-gzip !gzip-only-text/html
Header append Vary User-Agent env=!dont-vary
</IfModule>

# Leverage Browser Caching Start

<IfModule mod_expires.c>
ExpiresActive On
ExpiresByType image/jpg "access 1 year"
ExpiresByType image/jpeg "access 1 year"
ExpiresByType image/gif "access 1 year"
ExpiresByType image/png "access 1 year"
ExpiresByType text/css "access 1 month"
ExpiresByType text/html "access 1 month"
ExpiresByType application/pdf "access 1 month"
ExpiresByType text/x-javascript "access 1 month"
ExpiresByType application/x-shockwave-flash "access 1 month"
ExpiresByType image/x-icon "access 1 year"
ExpiresDefault "access 1 month"
</IfModule>


# BEGIN 
<IfModule mod_rewrite.c>
RewriteEngine On
RewriteCond %{HTTP_USER_AGENT} libwww-perl.* 
RewriteRule .* � [F,L]
RewriteBase /
</IfModule>
# END 
# old redirect from network solutions hosting
#RewriteCond %{HTTP_HOST} ^qetutoring.com$ [NC]
#RewriteRule (.*) https://www.qetutoring.com/$1 [R=301,L] 
RewriteCond %{SERVER_PORT} 80
RewriteRule ^(.*)$ https://www.qetutoring.com/$1 [R=301,L]
Redirect 301 /English-Tutoring.html https://www.qetutoring.com/english-tutor-mississauga-oakville.html
Redirect 301 /Tutoring.html https://www.qetutoring.com/private-tutoring-mississauga-oakville.html
Redirect 301 /Private-Credit-Course.html https://www.qetutoring.com/summer-credit-course-mississauga-oakville.html
Redirect 301 /Private-Credit-Course.html https://www.qetutoring.com/summer-credit-course-mississauga-oakville.html
Redirect 301 /QE_Tutoring/Private_Credit_Course.html https://www.qetutoring.com/summer-credit-course-mississauga-oakville.html
Redirect 301 /Why-Queen-Elizabeth.html https://www.qetutoring.com/why-queen-elizabeth.html
Redirect 301 /Seminar-on-Video.html https://www.qetutoring.com/seminar-on-video.html
Redirect 301 /for-Athletes.html https://www.qetutoring.com/for-athletes.html
Redirect 301 /For-Parents.html https://www.qetutoring.com/for-parents.html
Redirect 301 /Academic-Advice.html https://www.qetutoring.com/academic-advice.html
Redirect 301 /Contact-us.html https://www.qetutoring.com/contact-us.html
Redirect 301 /Science-Tutoring.html https://www.qetutoring.com/science-tutor-mississauga-oakville.html
Redirect 301 /Math-Tutoring.html https://www.qetutoring.com/math-tutor-mississauga-oakville.html
Redirect 301 /english-tutoring-mississauga-oakville.html https://www.qetutoring.com/english-tutor-mississauga-oakville.html
Redirect 301 /private-tutoring-mississauga-oakville.html https://www.qetutoring.com/private-tutor-mississauga-oakville.html
Redirect 301 /Private_Credit_Course.html https://www.qetutoring.com/private-credit-course.html
Redirect 301 /Private_Tutoring.html https://www.qetutoring.com/private-tutor-mississauga-oakville.html
Redirect 301 /for_Athletes.html https://www.qetutoring.com/for-athletes.html
Redirect 301 /Why_Queen_Elizabeth.html https://www.qetutoring.com/why-queen-elizabeth.html
Redirect 301 //Summer-School.html https://www.qetutoring.com/summer-credit-course-mississauga-oakville.html
Redirect 301 /online https://www.qetutoring.com/QEA_Online.html
Redirect 301 /tutoring-toronto/ https://www.qetutoring.com/tutoring-toronto.html
#Redirect 301 /summer\ camp\ Mississauga\ Oakville\/summer_camp_mississauga_oakville.html$ https://www.qetutoring.com/summer_camp_mississauga_oakville.html
RewriteRule summer\ camp\ Mississauga\ Oakville\/summer_camp_mississauga_oakville.html https://www.qetutoring.com/summer_camp_mississauga_oakville.html [R=301,L]

Redirect 301 /math-tutoring-mississauga.html /math-tutor-mississauga-oakville.html
#Redirect 301 /math-tutoring-oakville.html /math-tutor-mississauga-oakville.html
Redirect 301 /Home.html /
Redirect 301 /why-queen-elizabeth.html /
Redirect 301 /academic-advice.html/ /academic-advice.html


#### Fix broken city subpages
#caledon
Redirect 301 /tutoring_caledon/english_tutoring_caledon.html /tutoring_caledon/english/
Redirect 301 /tutoring_caledon/math7_tutoring_caledon.html /tutoring_caledon/math_7/
Redirect 301 /tutoring_caledon/math8_tutoring_caledon.html /tutoring_caledon/math_8/
Redirect 301 /tutoring_caledon/math9_tutoring_caledon.html /tutoring_caledon/math_9/
Redirect 301 /tutoring_caledon/math10_tutoring_caledon.html /tutoring_caledon/math_10/
Redirect 301 /tutoring_caledon/math11_tutoring_caledon.html /tutoring_caledon/math_11/
Redirect 301 /tutoring_caledon/advanced_functions_tutoring_caledon.html /tutoring_caledon/advanced_functions/
Redirect 301 /tutoring_caledon/calculus_tutoring_caledon.html /tutoring_caledon/calculus/
Redirect 301 /tutoring_caledon/science_tutoring_caledon.html /tutoring_caledon/science/
Redirect 301 /tutoring_caledon/chemistry11_tutoring_caledon.html /tutoring_caledon/chemistry_11/
Redirect 301 /tutoring_caledon/chemistry12_tutoring_caledon.html /tutoring_caledon/chemistry_12/
Redirect 301 /tutoring_caledon/physics11_tutoring_caledon.html /tutoring_caledon/physics_11/
Redirect 301 /tutoring_caledon/physics12_tutoring_caledon.html /tutoring_caledon/physics_12/
Redirect 301 /tutoring_caledon/biology_tutoring_caledon.html /tutoring_caledon/biology/
Redirect 301 /tutoring_caledon/ap_ib_tutoring_caledon.html /tutoring_caledon/ap_ib/

#mississauga
Redirect 301 /tutoring_mississauga/english_tutoring_mississauga.html /tutoring_mississauga/english/
Redirect 301 /tutoring_mississauga/math7_tutoring_mississauga.html /tutoring_mississauga/math_7/
Redirect 301 /tutoring_mississauga/math8_tutoring_mississauga.html /tutoring_mississauga/math_8/
Redirect 301 /tutoring_mississauga/math9_tutoring_mississauga.html /tutoring_mississauga/math_9/
Redirect 301 /tutoring_mississauga/math10_tutoring_mississauga.html /tutoring_mississauga/math_10/
Redirect 301 /tutoring_mississauga/math11_tutoring_mississauga.html /tutoring_mississauga/math_11/
Redirect 301 /tutoring_mississauga/advanced_functions_tutoring_mississauga.html /tutoring_mississauga/advanced_functions/
Redirect 301 /tutoring_mississauga/calculus_tutoring_mississauga.html /tutoring_mississauga/calculus/
Redirect 301 /tutoring_mississauga/science_tutoring_mississauga.html /tutoring_mississauga/science/
Redirect 301 /tutoring_mississauga/chemistry11_tutoring_mississauga.html /tutoring_mississauga/chemistry_11/
Redirect 301 /tutoring_mississauga/chemistry12_tutoring_mississauga.html /tutoring_mississauga/chemistry_12/
Redirect 301 /tutoring_mississauga/physics11_tutoring_mississauga.html /tutoring_mississauga/physics_11/
Redirect 301 /tutoring_mississauga/physics12_tutoring_mississauga.html /tutoring_mississauga/physics_12/
Redirect 301 /tutoring_mississauga/biology_tutoring_mississauga.html /tutoring_mississauga/biology/
Redirect 301 /tutoring_mississauga/ap_ib_tutoring_mississauga.html /tutoring_mississauga/ap_ib/

#toronto
Redirect 301 /tutoring_toronto/english_tutoring_toronto.html /tutoring_toronto/english/
Redirect 301 /tutoring_toronto/math7_tutoring_toronto.html /tutoring_toronto/math_7/
Redirect 301 /tutoring_toronto/math8_tutoring_toronto.html /tutoring_toronto/math_8/
Redirect 301 /tutoring_toronto/math9_tutoring_toronto.html /tutoring_toronto/math_9/
Redirect 301 /tutoring_toronto/math10_tutoring_toronto.html /tutoring_toronto/math_10/
Redirect 301 /tutoring_toronto/math11_tutoring_toronto.html /tutoring_toronto/math_11/
Redirect 301 /tutoring_toronto/advanced_functions_tutoring_toronto.html /tutoring_toronto/advanced_functions/
Redirect 301 /tutoring_toronto/calculus_tutoring_toronto.html /tutoring_toronto/calculus/
Redirect 301 /tutoring_toronto/science_tutoring_toronto.html /tutoring_toronto/science/
Redirect 301 /tutoring_toronto/chemistry11_tutoring_toronto.html /tutoring_toronto/chemistry_11/
Redirect 301 /tutoring_toronto/chemistry12_tutoring_toronto.html /tutoring_toronto/chemistry_12/
Redirect 301 /tutoring_toronto/physics11_tutoring_toronto.html /tutoring_toronto/physics_11/
Redirect 301 /tutoring_toronto/physics12_tutoring_toronto.html /tutoring_toronto/physics_12/
Redirect 301 /tutoring_toronto/biology_tutoring_toronto.html /tutoring_toronto/biology/
Redirect 301 /tutoring_toronto/ap_ib_tutoring_toronto.html /tutoring_toronto/ap_ib/

#milton
Redirect 301 /tutoring_milton/english_tutoring_milton.html /tutoring_milton/english/
Redirect 301 /tutoring_milton/math7_tutoring_milton.html /tutoring_milton/math_7/
Redirect 301 /tutoring_milton/math8_tutoring_milton.html /tutoring_milton/math_8/
Redirect 301 /tutoring_milton/math9_tutoring_milton.html /tutoring_milton/math_9/
Redirect 301 /tutoring_milton/math10_tutoring_milton.html /tutoring_milton/math_10/
Redirect 301 /tutoring_milton/math11_tutoring_milton.html /tutoring_milton/math_11/
Redirect 301 /tutoring_milton/advanced_functions_tutoring_milton.html /tutoring_milton/advanced_functions/
Redirect 301 /tutoring_milton/calculus_tutoring_milton.html /tutoring_milton/calculus/
Redirect 301 /tutoring_milton/science_tutoring_milton.html /tutoring_milton/science/
Redirect 301 /tutoring_milton/chemistry11_tutoring_milton.html /tutoring_milton/chemistry_11/
Redirect 301 /tutoring_milton/chemistry12_tutoring_milton.html /tutoring_milton/chemistry_12/
Redirect 301 /tutoring_milton/physics11_tutoring_milton.html /tutoring_milton/physics_11/
Redirect 301 /tutoring_milton/physics12_tutoring_milton.html /tutoring_milton/physics_12/
Redirect 301 /tutoring_milton/biology_tutoring_milton.html /tutoring_milton/biology/
Redirect 301 /tutoring_milton/ap_ib_tutoring_milton.html /tutoring_milton/ap_ib/

#burlington
Redirect 301 /tutoring_burlington/english_tutoring_burlington.html /tutoring_burlington/english/
Redirect 301 /tutoring_burlington/math7_tutoring_burlington.html /tutoring_burlington/math_7/
Redirect 301 /tutoring_burlington/math8_tutoring_burlington.html /tutoring_burlington/math_8/
Redirect 301 /tutoring_burlington/math9_tutoring_burlington.html /tutoring_burlington/math_9/
Redirect 301 /tutoring_burlington/math10_tutoring_burlington.html /tutoring_burlington/math_10/
Redirect 301 /tutoring_burlington/math11_tutoring_burlington.html /tutoring_burlington/math_11/
Redirect 301 /tutoring_burlington/advanced_functions_tutoring_burlington.html /tutoring_burlington/advanced_functions/
Redirect 301 /tutoring_burlington/calculus_tutoring_burlington.html /tutoring_burlington/calculus/
Redirect 301 /tutoring_burlington/science_tutoring_burlington.html /tutoring_burlington/science/
Redirect 301 /tutoring_burlington/chemistry11_tutoring_burlington.html /tutoring_burlington/chemistry_11/
Redirect 301 /tutoring_burlington/chemistry12_tutoring_burlington.html /tutoring_burlington/chemistry_12/
Redirect 301 /tutoring_burlington/physics11_tutoring_burlington.html /tutoring_burlington/physics_11/
Redirect 301 /tutoring_burlington/physics12_tutoring_burlington.html /tutoring_burlington/physics_12/
Redirect 301 /tutoring_burlington/biology_tutoring_burlington.html /tutoring_burlington/biology/
Redirect 301 /tutoring_burlington/ap_ib_tutoring_burlington.html /tutoring_burlington/ap_ib/

#waterloo
Redirect 301 /tutoring_waterloo/english_tutoring_waterloo.html /tutoring_waterloo/english/
Redirect 301 /tutoring_waterloo/math7_tutoring_waterloo.html /tutoring_waterloo/math_7/
Redirect 301 /tutoring_waterloo/math8_tutoring_waterloo.html /tutoring_waterloo/math_8/
Redirect 301 /tutoring_waterloo/math9_tutoring_waterloo.html /tutoring_waterloo/math_9/
Redirect 301 /tutoring_waterloo/math10_tutoring_waterloo.html /tutoring_waterloo/math_10/
Redirect 301 /tutoring_waterloo/math11_tutoring_waterloo.html /tutoring_waterloo/math_11/
Redirect 301 /tutoring_waterloo/advanced_functions_tutoring_waterloo.html /tutoring_waterloo/advanced_functions/
Redirect 301 /tutoring_waterloo/calculus_tutoring_waterloo.html /tutoring_waterloo/calculus/
Redirect 301 /tutoring_waterloo/science_tutoring_waterloo.html /tutoring_waterloo/science/
Redirect 301 /tutoring_waterloo/chemistry11_tutoring_waterloo.html /tutoring_waterloo/chemistry_11/
Redirect 301 /tutoring_waterloo/chemistry12_tutoring_waterloo.html /tutoring_waterloo/chemistry_12/
Redirect 301 /tutoring_waterloo/physics11_tutoring_waterloo.html /tutoring_waterloo/physics_11/
Redirect 301 /tutoring_waterloo/physics12_tutoring_waterloo.html /tutoring_waterloo/physics_12/
Redirect 301 /tutoring_waterloo/biology_tutoring_waterloo.html /tutoring_waterloo/biology/
Redirect 301 /tutoring_waterloo/ap_ib_tutoring_waterloo.html /tutoring_waterloo/ap_ib/

#newmarket
Redirect 301 /tutoring_newmarket/english_tutoring_newmarket.html /tutoring_newmarket/english/
Redirect 301 /tutoring_newmarket/math7_tutoring_newmarket.html /tutoring_newmarket/math_7/
Redirect 301 /tutoring_newmarket/math8_tutoring_newmarket.html /tutoring_newmarket/math_8/
Redirect 301 /tutoring_newmarket/math9_tutoring_newmarket.html /tutoring_newmarket/math_9/
Redirect 301 /tutoring_newmarket/math10_tutoring_newmarket.html /tutoring_newmarket/math_10/
Redirect 301 /tutoring_newmarket/math11_tutoring_newmarket.html /tutoring_newmarket/math_11/
Redirect 301 /tutoring_newmarket/advanced_functions_tutoring_newmarket.html /tutoring_newmarket/advanced_functions/
Redirect 301 /tutoring_newmarket/calculus_tutoring_newmarket.html /tutoring_newmarket/calculus/
Redirect 301 /tutoring_newmarket/science_tutoring_newmarket.html /tutoring_newmarket/science/
Redirect 301 /tutoring_newmarket/chemistry11_tutoring_newmarket.html /tutoring_newmarket/chemistry_11/
Redirect 301 /tutoring_newmarket/chemistry12_tutoring_newmarket.html /tutoring_newmarket/chemistry_12/
Redirect 301 /tutoring_newmarket/physics11_tutoring_newmarket.html /tutoring_newmarket/physics_11/
Redirect 301 /tutoring_newmarket/physics12_tutoring_newmarket.html /tutoring_newmarket/physics_12/
Redirect 301 /tutoring_newmarket/biology_tutoring_newmarket.html /tutoring_newmarket/biology/
Redirect 301 /tutoring_newmarket/ap_ib_tutoring_newmarket.html /tutoring_newmarket/ap_ib/

#ottawa
Redirect 301 /tutoring_ottawa/english_tutoring_ottawa.html /tutoring_ottawa/english/
Redirect 301 /tutoring_ottawa/math7_tutoring_ottawa.html /tutoring_ottawa/math_7/
Redirect 301 /tutoring_ottawa/math8_tutoring_ottawa.html /tutoring_ottawa/math_8/
Redirect 301 /tutoring_ottawa/math9_tutoring_ottawa.html /tutoring_ottawa/math_9/
Redirect 301 /tutoring_ottawa/math10_tutoring_ottawa.html /tutoring_ottawa/math_10/
Redirect 301 /tutoring_ottawa/math11_tutoring_ottawa.html /tutoring_ottawa/math_11/
Redirect 301 /tutoring_ottawa/advanced_functions_tutoring_ottawa.html /tutoring_ottawa/advanced_functions/
Redirect 301 /tutoring_ottawa/calculus_tutoring_ottawa.html /tutoring_ottawa/calculus/
Redirect 301 /tutoring_ottawa/science_tutoring_ottawa.html /tutoring_ottawa/science/
Redirect 301 /tutoring_ottawa/chemistry11_tutoring_ottawa.html /tutoring_ottawa/chemistry_11/
Redirect 301 /tutoring_ottawa/chemistry12_tutoring_ottawa.html /tutoring_ottawa/chemistry_12/
Redirect 301 /tutoring_ottawa/physics11_tutoring_ottawa.html /tutoring_ottawa/physics_11/
Redirect 301 /tutoring_ottawa/physics12_tutoring_ottawa.html /tutoring_ottawa/physics_12/
Redirect 301 /tutoring_ottawa/biology_tutoring_ottawa.html /tutoring_ottawa/biology/
Redirect 301 /tutoring_ottawa/ap_ib_tutoring_ottawa.html /tutoring_ottawa/ap_ib/

#guelph
Redirect 301 /tutoring_guelph/english_tutoring_guelph.html /tutoring_guelph/english/
Redirect 301 /tutoring_guelph/math7_tutoring_guelph.html /tutoring_guelph/math_7/
Redirect 301 /tutoring_guelph/math8_tutoring_guelph.html /tutoring_guelph/math_8/
Redirect 301 /tutoring_guelph/math9_tutoring_guelph.html /tutoring_guelph/math_9/
Redirect 301 /tutoring_guelph/math10_tutoring_guelph.html /tutoring_guelph/math_10/
Redirect 301 /tutoring_guelph/math11_tutoring_guelph.html /tutoring_guelph/math_11/
Redirect 301 /tutoring_guelph/advanced_functions_tutoring_guelph.html /tutoring_guelph/advanced_functions/
Redirect 301 /tutoring_guelph/calculus_tutoring_guelph.html /tutoring_guelph/calculus/
Redirect 301 /tutoring_guelph/science_tutoring_guelph.html /tutoring_guelph/science/
Redirect 301 /tutoring_guelph/chemistry11_tutoring_guelph.html /tutoring_guelph/chemistry_11/
Redirect 301 /tutoring_guelph/chemistry12_tutoring_guelph.html /tutoring_guelph/chemistry_12/
Redirect 301 /tutoring_guelph/physics11_tutoring_guelph.html /tutoring_guelph/physics_11/
Redirect 301 /tutoring_guelph/physics12_tutoring_guelph.html /tutoring_guelph/physics_12/
Redirect 301 /tutoring_guelph/biology_tutoring_guelph.html /tutoring_guelph/biology/
Redirect 301 /tutoring_guelph/ap_ib_tutoring_guelph.html /tutoring_guelph/ap_ib/

#surrey
Redirect 301 /tutoring_surrey/english_tutoring_surrey.html /tutoring_surrey/english/
Redirect 301 /tutoring_surrey/math7_tutoring_surrey.html /tutoring_surrey/math_7/
Redirect 301 /tutoring_surrey/math8_tutoring_surrey.html /tutoring_surrey/math_8/
Redirect 301 /tutoring_surrey/math9_tutoring_surrey.html /tutoring_surrey/math_9/
Redirect 301 /tutoring_surrey/math10_tutoring_surrey.html /tutoring_surrey/math_10/
Redirect 301 /tutoring_surrey/math11_tutoring_surrey.html /tutoring_surrey/math_11/
Redirect 301 /tutoring_surrey/advanced_functions_tutoring_surrey.html /tutoring_surrey/advanced_functions/
Redirect 301 /tutoring_surrey/calculus_tutoring_surrey.html /tutoring_surrey/calculus/
Redirect 301 /tutoring_surrey/science_tutoring_surrey.html /tutoring_surrey/science/
Redirect 301 /tutoring_surrey/chemistry11_tutoring_surrey.html /tutoring_surrey/chemistry_11/
Redirect 301 /tutoring_surrey/chemistry12_tutoring_surrey.html /tutoring_surrey/chemistry_12/
Redirect 301 /tutoring_surrey/physics11_tutoring_surrey.html /tutoring_surrey/physics_11/
Redirect 301 /tutoring_surrey/physics12_tutoring_surrey.html /tutoring_surrey/physics_12/
Redirect 301 /tutoring_surrey/biology_tutoring_surrey.html /tutoring_surrey/biology/
Redirect 301 /tutoring_surrey/ap_ib_tutoring_surrey.html /tutoring_surrey/ap_ib/

#north york
Redirect 301 /tutoring_north_york/english_tutoring_north_york.html /tutoring_north_york/english/
Redirect 301 /tutoring_north_york/math7_tutoring_north_york.html /tutoring_north_york/math_7/
Redirect 301 /tutoring_north_york/math8_tutoring_north_york.html /tutoring_north_york/math_8/
Redirect 301 /tutoring_north_york/math9_tutoring_north_york.html /tutoring_north_york/math_9/
Redirect 301 /tutoring_north_york/math10_tutoring_north_york.html /tutoring_north_york/math_10/
Redirect 301 /tutoring_north_york/math11_tutoring_north_york.html /tutoring_north_york/math_11/
Redirect 301 /tutoring_north_york/advanced_functions_tutoring_north_york.html /tutoring_north_york/advanced_functions/
Redirect 301 /tutoring_north_york/calculus_tutoring_north_york.html /tutoring_north_york/calculus/
Redirect 301 /tutoring_north_york/science_tutoring_north_york.html /tutoring_north_york/science/
Redirect 301 /tutoring_north_york/chemistry11_tutoring_north_york.html /tutoring_north_york/chemistry_11/
Redirect 301 /tutoring_north_york/chemistry12_tutoring_north_york.html /tutoring_north_york/chemistry_12/
Redirect 301 /tutoring_north_york/physics11_tutoring_north_york.html /tutoring_north_york/physics_11/
Redirect 301 /tutoring_north_york/physics12_tutoring_north_york.html /tutoring_north_york/physics_12/
Redirect 301 /tutoring_north_york/biology_tutoring_north_york.html /tutoring_north_york/biology/
Redirect 301 /tutoring_north_york/ap_ib_tutoring_north_york.html /tutoring_north_york/ap_ib/

#markham
Redirect 301 /tutoring_markham/english_tutoring_markham.html /tutoring_markham/english/
Redirect 301 /tutoring_markham/math7_tutoring_markham.html /tutoring_markham/math_7/
Redirect 301 /tutoring_markham/math8_tutoring_markham.html /tutoring_markham/math_8/
Redirect 301 /tutoring_markham/math9_tutoring_markham.html /tutoring_markham/math_9/
Redirect 301 /tutoring_markham/math10_tutoring_markham.html /tutoring_markham/math_10/
Redirect 301 /tutoring_markham/math11_tutoring_markham.html /tutoring_markham/math_11/
Redirect 301 /tutoring_markham/advanced_functions_tutoring_markham.html /tutoring_markham/advanced_functions/
Redirect 301 /tutoring_markham/calculus_tutoring_markham.html /tutoring_markham/calculus/
Redirect 301 /tutoring_markham/science_tutoring_markham.html /tutoring_markham/science/
Redirect 301 /tutoring_markham/chemistry11_tutoring_markham.html /tutoring_markham/chemistry_11/
Redirect 301 /tutoring_markham/chemistry12_tutoring_markham.html /tutoring_markham/chemistry_12/
Redirect 301 /tutoring_markham/physics11_tutoring_markham.html /tutoring_markham/physics_11/
Redirect 301 /tutoring_markham/physics12_tutoring_markham.html /tutoring_markham/physics_12/
Redirect 301 /tutoring_markham/biology_tutoring_markham.html /tutoring_markham/biology/
Redirect 301 /tutoring_markham/ap_ib_tutoring_markham.html /tutoring_markham/ap_ib/

#vaughan
Redirect 301 /tutoring_vaughan/english_tutoring_vaughan.html /tutoring_vaughan/english/
Redirect 301 /tutoring_vaughan/math7_tutoring_vaughan.html /tutoring_vaughan/math_7/
Redirect 301 /tutoring_vaughan/math8_tutoring_vaughan.html /tutoring_vaughan/math_8/
Redirect 301 /tutoring_vaughan/math9_tutoring_vaughan.html /tutoring_vaughan/math_9/
Redirect 301 /tutoring_vaughan/math10_tutoring_vaughan.html /tutoring_vaughan/math_10/
Redirect 301 /tutoring_vaughan/math11_tutoring_vaughan.html /tutoring_vaughan/math_11/
Redirect 301 /tutoring_vaughan/advanced_functions_tutoring_vaughan.html /tutoring_vaughan/advanced_functions/
Redirect 301 /tutoring_vaughan/calculus_tutoring_vaughan.html /tutoring_vaughan/calculus/
Redirect 301 /tutoring_vaughan/science_tutoring_vaughan.html /tutoring_vaughan/science/
Redirect 301 /tutoring_vaughan/chemistry11_tutoring_vaughan.html /tutoring_vaughan/chemistry_11/
Redirect 301 /tutoring_vaughan/chemistry12_tutoring_vaughan.html /tutoring_vaughan/chemistry_12/
Redirect 301 /tutoring_vaughan/physics11_tutoring_vaughan.html /tutoring_vaughan/physics_11/
Redirect 301 /tutoring_vaughan/physics12_tutoring_vaughan.html /tutoring_vaughan/physics_12/
Redirect 301 /tutoring_vaughan/biology_tutoring_vaughan.html /tutoring_vaughan/biology/
Redirect 301 /tutoring_vaughan/ap_ib_tutoring_vaughan.html /tutoring_vaughan/ap_ib/

#georgetown
Redirect 301 /tutoring_georgetown/english_tutoring_georgetown.html /tutoring_georgetown/english/
Redirect 301 /tutoring_georgetown/math7_tutoring_georgetown.html /tutoring_georgetown/math_7/
Redirect 301 /tutoring_georgetown/math8_tutoring_georgetown.html /tutoring_georgetown/math_8/
Redirect 301 /tutoring_georgetown/math9_tutoring_georgetown.html /tutoring_georgetown/math_9/
Redirect 301 /tutoring_georgetown/math10_tutoring_georgetown.html /tutoring_georgetown/math_10/
Redirect 301 /tutoring_georgetown/math11_tutoring_georgetown.html /tutoring_georgetown/math_11/
Redirect 301 /tutoring_georgetown/advanced_functions_tutoring_georgetown.html /tutoring_georgetown/advanced_functions/
Redirect 301 /tutoring_georgetown/calculus_tutoring_georgetown.html /tutoring_georgetown/calculus/
Redirect 301 /tutoring_georgetown/science_tutoring_georgetown.html /tutoring_georgetown/science/
Redirect 301 /tutoring_georgetown/chemistry11_tutoring_georgetown.html /tutoring_georgetown/chemistry_11/
Redirect 301 /tutoring_georgetown/chemistry12_tutoring_georgetown.html /tutoring_georgetown/chemistry_12/
Redirect 301 /tutoring_georgetown/physics11_tutoring_georgetown.html /tutoring_georgetown/physics_11/
Redirect 301 /tutoring_georgetown/physics12_tutoring_georgetown.html /tutoring_georgetown/physics_12/
Redirect 301 /tutoring_georgetown/biology_tutoring_georgetown.html /tutoring_georgetown/biology/
Redirect 301 /tutoring_georgetown/ap_ib_tutoring_georgetown.html /tutoring_georgetown/ap_ib/

#etobicoke
Redirect 301 /tutoring_etobicoke/english_tutoring_etobicoke.html /tutoring_etobicoke/english/
Redirect 301 /tutoring_etobicoke/math7_tutoring_etobicoke.html /tutoring_etobicoke/math_7/
Redirect 301 /tutoring_etobicoke/math8_tutoring_etobicoke.html /tutoring_etobicoke/math_8/
Redirect 301 /tutoring_etobicoke/math9_tutoring_etobicoke.html /tutoring_etobicoke/math_9/
Redirect 301 /tutoring_etobicoke/math10_tutoring_etobicoke.html /tutoring_etobicoke/math_10/
Redirect 301 /tutoring_etobicoke/math11_tutoring_etobicoke.html /tutoring_etobicoke/math_11/
Redirect 301 /tutoring_etobicoke/advanced_functions_tutoring_etobicoke.html /tutoring_etobicoke/advanced_functions/
Redirect 301 /tutoring_etobicoke/calculus_tutoring_etobicoke.html /tutoring_etobicoke/calculus/
Redirect 301 /tutoring_etobicoke/science_tutoring_etobicoke.html /tutoring_etobicoke/science/
Redirect 301 /tutoring_etobicoke/chemistry11_tutoring_etobicoke.html /tutoring_etobicoke/chemistry_11/
Redirect 301 /tutoring_etobicoke/chemistry12_tutoring_etobicoke.html /tutoring_etobicoke/chemistry_12/
Redirect 301 /tutoring_etobicoke/physics11_tutoring_etobicoke.html /tutoring_etobicoke/physics_11/
Redirect 301 /tutoring_etobicoke/physics12_tutoring_etobicoke.html /tutoring_etobicoke/physics_12/
Redirect 301 /tutoring_etobicoke/biology_tutoring_etobicoke.html /tutoring_etobicoke/biology/
Redirect 301 /tutoring_etobicoke/ap_ib_tutoring_etobicoke.html /tutoring_etobicoke/ap_ib/

#calgary
Redirect 301 /tutoring_calgary/english_tutoring_calgary.html /tutoring_calgary/english/
Redirect 301 /tutoring_calgary/math7_tutoring_calgary.html /tutoring_calgary/math_7/
Redirect 301 /tutoring_calgary/math8_tutoring_calgary.html /tutoring_calgary/math_8/
Redirect 301 /tutoring_calgary/math9_tutoring_calgary.html /tutoring_calgary/math_9/
Redirect 301 /tutoring_calgary/math10_tutoring_calgary.html /tutoring_calgary/math_10/
Redirect 301 /tutoring_calgary/math11_tutoring_calgary.html /tutoring_calgary/math_11/
Redirect 301 /tutoring_calgary/advanced_functions_tutoring_calgary.html /tutoring_calgary/advanced_functions/
Redirect 301 /tutoring_calgary/calculus_tutoring_calgary.html /tutoring_calgary/calculus/
Redirect 301 /tutoring_calgary/science_tutoring_calgary.html /tutoring_calgary/science/
Redirect 301 /tutoring_calgary/chemistry11_tutoring_calgary.html /tutoring_calgary/chemistry_11/
Redirect 301 /tutoring_calgary/chemistry12_tutoring_calgary.html /tutoring_calgary/chemistry_12/
Redirect 301 /tutoring_calgary/physics11_tutoring_calgary.html /tutoring_calgary/physics_11/
Redirect 301 /tutoring_calgary/physics12_tutoring_calgary.html /tutoring_calgary/physics_12/
Redirect 301 /tutoring_calgary/biology_tutoring_calgary.html /tutoring_calgary/biology/
Redirect 301 /tutoring_calgary/ap_ib_tutoring_calgary.html /tutoring_calgary/ap_ib/

#edmonton
Redirect 301 /tutoring_edmonton/english_tutoring_edmonton.html /tutoring_edmonton/english/
Redirect 301 /tutoring_edmonton/math7_tutoring_edmonton.html /tutoring_edmonton/math_7/
Redirect 301 /tutoring_edmonton/math8_tutoring_edmonton.html /tutoring_edmonton/math_8/
Redirect 301 /tutoring_edmonton/math9_tutoring_edmonton.html /tutoring_edmonton/math_9/
Redirect 301 /tutoring_edmonton/math10_tutoring_edmonton.html /tutoring_edmonton/math_10/
Redirect 301 /tutoring_edmonton/math11_tutoring_edmonton.html /tutoring_edmonton/math_11/
Redirect 301 /tutoring_edmonton/advanced_functions_tutoring_edmonton.html /tutoring_edmonton/advanced_functions/
Redirect 301 /tutoring_edmonton/calculus_tutoring_edmonton.html /tutoring_edmonton/calculus/
Redirect 301 /tutoring_edmonton/science_tutoring_edmonton.html /tutoring_edmonton/science/
Redirect 301 /tutoring_edmonton/chemistry11_tutoring_edmonton.html /tutoring_edmonton/chemistry_11/
Redirect 301 /tutoring_edmonton/chemistry12_tutoring_edmonton.html /tutoring_edmonton/chemistry_12/
Redirect 301 /tutoring_edmonton/physics11_tutoring_edmonton.html /tutoring_edmonton/physics_11/
Redirect 301 /tutoring_edmonton/physics12_tutoring_edmonton.html /tutoring_edmonton/physics_12/
Redirect 301 /tutoring_edmonton/biology_tutoring_edmonton.html /tutoring_edmonton/biology/
Redirect 301 /tutoring_edmonton/ap_ib_tutoring_edmonton.html /tutoring_edmonton/ap_ib/

#vancouver
Redirect 301 /tutoring_vancouver/english_tutoring_vancouver.html /tutoring_vancouver/english/
Redirect 301 /tutoring_vancouver/math7_tutoring_vancouver.html /tutoring_vancouver/math_7/
Redirect 301 /tutoring_vancouver/math8_tutoring_vancouver.html /tutoring_vancouver/math_8/
Redirect 301 /tutoring_vancouver/math9_tutoring_vancouver.html /tutoring_vancouver/math_9/
Redirect 301 /tutoring_vancouver/math10_tutoring_vancouver.html /tutoring_vancouver/math_10/
Redirect 301 /tutoring_vancouver/math11_tutoring_vancouver.html /tutoring_vancouver/math_11/
Redirect 301 /tutoring_vancouver/advanced_functions_tutoring_vancouver.html /tutoring_vancouver/advanced_functions/
Redirect 301 /tutoring_vancouver/calculus_tutoring_vancouver.html /tutoring_vancouver/calculus/
Redirect 301 /tutoring_vancouver/science_tutoring_vancouver.html /tutoring_vancouver/science/
Redirect 301 /tutoring_vancouver/chemistry11_tutoring_vancouver.html /tutoring_vancouver/chemistry_11/
Redirect 301 /tutoring_vancouver/chemistry12_tutoring_vancouver.html /tutoring_vancouver/chemistry_12/
Redirect 301 /tutoring_vancouver/physics11_tutoring_vancouver.html /tutoring_vancouver/physics_11/
Redirect 301 /tutoring_vancouver/physics12_tutoring_vancouver.html /tutoring_vancouver/physics_12/
Redirect 301 /tutoring_vancouver/biology_tutoring_vancouver.html /tutoring_vancouver/biology/
Redirect 301 /tutoring_vancouver/ap_ib_tutoring_vancouver.html /tutoring_vancouver/ap_ib/

#saskatoon
Redirect 301 /tutoring_saskatoon/english_tutoring_saskatoon.html /tutoring_saskatoon/english/
Redirect 301 /tutoring_saskatoon/math7_tutoring_saskatoon.html /tutoring_saskatoon/math_7/
Redirect 301 /tutoring_saskatoon/math8_tutoring_saskatoon.html /tutoring_saskatoon/math_8/
Redirect 301 /tutoring_saskatoon/math9_tutoring_saskatoon.html /tutoring_saskatoon/math_9/
Redirect 301 /tutoring_saskatoon/math10_tutoring_saskatoon.html /tutoring_saskatoon/math_10/
Redirect 301 /tutoring_saskatoon/math11_tutoring_saskatoon.html /tutoring_saskatoon/math_11/
Redirect 301 /tutoring_saskatoon/advanced_functions_tutoring_saskatoon.html /tutoring_saskatoon/advanced_functions/
Redirect 301 /tutoring_saskatoon/calculus_tutoring_saskatoon.html /tutoring_saskatoon/calculus/
Redirect 301 /tutoring_saskatoon/science_tutoring_saskatoon.html /tutoring_saskatoon/science/
Redirect 301 /tutoring_saskatoon/chemistry11_tutoring_saskatoon.html /tutoring_saskatoon/chemistry_11/
Redirect 301 /tutoring_saskatoon/chemistry12_tutoring_saskatoon.html /tutoring_saskatoon/chemistry_12/
Redirect 301 /tutoring_saskatoon/physics11_tutoring_saskatoon.html /tutoring_saskatoon/physics_11/
Redirect 301 /tutoring_saskatoon/physics12_tutoring_saskatoon.html /tutoring_saskatoon/physics_12/
Redirect 301 /tutoring_saskatoon/biology_tutoring_saskatoon.html /tutoring_saskatoon/biology/
Redirect 301 /tutoring_saskatoon/ap_ib_tutoring_saskatoon.html /tutoring_saskatoon/ap_ib/

#oakville
Redirect 301 /tutoring_oakville/english_tutoring_oakville.html /tutoring_oakville/english/
Redirect 301 /tutoring_oakville/math7_tutoring_oakville.html /tutoring_oakville/math_7/
Redirect 301 /tutoring_oakville/math8_tutoring_oakville.html /tutoring_oakville/math_8/
Redirect 301 /tutoring_oakville/math9_tutoring_oakville.html /tutoring_oakville/math_9/
Redirect 301 /tutoring_oakville/math10_tutoring_oakville.html /tutoring_oakville/math_10/
Redirect 301 /tutoring_oakville/math11_tutoring_oakville.html /tutoring_oakville/math_11/
Redirect 301 /tutoring_oakville/advanced_functions_tutoring_oakville.html /tutoring_oakville/advanced_functions/
Redirect 301 /tutoring_oakville/calculus_tutoring_oakville.html /tutoring_oakville/calculus/
Redirect 301 /tutoring_oakville/science_tutoring_oakville.html /tutoring_oakville/science/
Redirect 301 /tutoring_oakville/chemistry11_tutoring_oakville.html /tutoring_oakville/chemistry_11/
Redirect 301 /tutoring_oakville/chemistry12_tutoring_oakville.html /tutoring_oakville/chemistry_12/
Redirect 301 /tutoring_oakville/physics11_tutoring_oakville.html /tutoring_oakville/physics_11/
Redirect 301 /tutoring_oakville/physics12_tutoring_oakville.html /tutoring_oakville/physics_12/
Redirect 301 /tutoring_oakville/biology_tutoring_oakville.html /tutoring_oakville/biology/
Redirect 301 /tutoring_oakville/ap_ib_tutoring_oakville.html /tutoring_oakville/ap_ib/

#winnipeg
Redirect 301 /tutoring_winnipeg/english_tutoring_winnipeg.html /tutoring_winnipeg/english/
Redirect 301 /tutoring_winnipeg/math7_tutoring_winnipeg.html /tutoring_winnipeg/math_7/
Redirect 301 /tutoring_winnipeg/math8_tutoring_winnipeg.html /tutoring_winnipeg/math_8/
Redirect 301 /tutoring_winnipeg/math9_tutoring_winnipeg.html /tutoring_winnipeg/math_9/
Redirect 301 /tutoring_winnipeg/math10_tutoring_winnipeg.html /tutoring_winnipeg/math_10/
Redirect 301 /tutoring_winnipeg/math11_tutoring_winnipeg.html /tutoring_winnipeg/math_11/
Redirect 301 /tutoring_winnipeg/advanced_functions_tutoring_winnipeg.html /tutoring_winnipeg/advanced_functions/
Redirect 301 /tutoring_winnipeg/calculus_tutoring_winnipeg.html /tutoring_winnipeg/calculus/
Redirect 301 /tutoring_winnipeg/science_tutoring_winnipeg.html /tutoring_winnipeg/science/
Redirect 301 /tutoring_winnipeg/chemistry11_tutoring_winnipeg.html /tutoring_winnipeg/chemistry_11/
Redirect 301 /tutoring_winnipeg/chemistry12_tutoring_winnipeg.html /tutoring_winnipeg/chemistry_12/
Redirect 301 /tutoring_winnipeg/physics11_tutoring_winnipeg.html /tutoring_winnipeg/physics_11/
Redirect 301 /tutoring_winnipeg/physics12_tutoring_winnipeg.html /tutoring_winnipeg/physics_12/
Redirect 301 /tutoring_winnipeg/biology_tutoring_winnipeg.html /tutoring_winnipeg/biology/
Redirect 301 /tutoring_winnipeg/ap_ib_tutoring_winnipeg.html /tutoring_winnipeg/ap_ib/

#ap physics-1 fix
RewriteCond %{REQUEST_URI} (.+)\.html$ [NC]
RewriteRule ^ap-physics\/ap-physics-1-manhattan\.html$ /ap-physics-markham.html [R=301,L]

RewriteCond %{REQUEST_URI} ^/ap-physics/ap-physics-1-(.+).html$ [NC]
RewriteRule ^ap-physics/ap-physics-1-(.+).html$ /ap-physics-$1.html [R=301,L]

RewriteCond %{REQUEST_URI} ^/ap-physics-1-(.+).html$ [NC]
RewriteRule ^ap-physics-1-(.+).html$ /ap-physics-$1.html [R=301,L]

#ap physics
Redirect 301 /ap-physics/ap-physics-annapolis.html /ap-physics-annapolis.html
Redirect 301 /ap-physics/ap-physics-atlanta.html /ap-physics-atlanta.html
Redirect 301 /ap-physics/ap-physics-aurora.html /ap-physics-aurora.html
Redirect 301 /ap-physics/ap-physics-austin.html /ap-physics-austin.html
Redirect 301 /ap-physics/ap-physics-boston.html /ap-physics-boston.html
Redirect 301 /ap-physics/ap-physics-burlington.html /ap-physics-burlington.html
Redirect 301 /ap-physics/ap-physics-caledon.html /ap-physics-caledon.html
Redirect 301 /ap-physics/ap-physics-calgary.html /ap-physics-calgary.html
Redirect 301 /ap-physics/ap-physics-columbus.html /ap-physics-columbus.html
Redirect 301 /ap-physics/ap-physics-concord.html /ap-physics-concord.html
Redirect 301 /ap-physics/ap-physics-denver.html /ap-physics-denver.html
Redirect 301 /ap-physics/ap-physics-edmonton.html /ap-physics-edmonton.html
Redirect 301 /ap-physics/ap-physics-etobicoke.html /ap-physics-etobicoke.html
Redirect 301 /ap-physics/ap-physics-georgetown.html /ap-physics-georgetown.html
Redirect 301 /ap-physics/ap-physics-guelph.html /ap-physics-guelph.html
Redirect 301 /ap-physics/ap-physics-harrisburg.html /ap-physics-harrisburg.html
Redirect 301 /ap-physics/ap-physics-hartford.html /ap-physics-hartford.html
Redirect 301 /ap-physics/ap-physics-indianapolis.html /ap-physics-indianapolis.html
Redirect 301 /ap-physics/ap-physics-jefferson-city.html /ap-physics-jefferson-city.html
Redirect 301 /ap-physics/ap-physics-kanata.html /ap-physics-kanata.html
Redirect 301 /ap-physics/ap-physics-lansing.html /ap-physics-lansing.html
Redirect 301 /ap-physics/ap-physics-los-angeles.html /ap-physics-los-angeles.html
Redirect 301 /ap-physics/ap-physics-markham.html /ap-physics-markham.html
Redirect 301 /ap-physics/ap-physics-milton.html /ap-physics-milton.html
Redirect 301 /ap-physics/ap-physics-mississauga.html /ap-physics-mississauga.html
Redirect 301 /ap-physics/ap-physics-montgomery.html /ap-physics-montgomery.html
Redirect 301 /ap-physics/ap-physics-montreal.html /ap-physics-montreal.html
Redirect 301 /ap-physics/ap-physics-nashville.html /ap-physics-nashville.html
Redirect 301 /ap-physics/ap-physics-new-york-city.html /ap-physics-new-york-city.html
Redirect 301 /ap-physics/ap-physics-new-york.html /ap-physics-new-york.html
Redirect 301 /ap-physics/ap-physics-newmarket.html /ap-physics-newmarket.html
Redirect 301 /ap-physics/ap-physics-north-york.html /ap-physics-north-york.html
Redirect 301 /ap-physics/ap-physics-oakville.html /ap-physics-oakville.html
Redirect 301 /ap-physics/ap-physics-olympia.html /ap-physics-olympia.html
Redirect 301 /ap-physics/ap-physics-ottawa.html /ap-physics-ottawa.html
Redirect 301 /ap-physics/ap-physics-phoenix.html /ap-physics-phoenix.html
Redirect 301 /ap-physics/ap-physics-raleigh.html /ap-physics-raleigh.html
Redirect 301 /ap-physics/ap-physics-richmond-hill.html /ap-physics-richmond-hill.html
Redirect 301 /ap-physics/ap-physics-richmond.html /ap-physics-richmond.html
Redirect 301 /ap-physics/ap-physics-saint-paul.html /ap-physics-saint-paul.html
Redirect 301 /ap-physics/ap-physics-salem.html /ap-physics-salem.html
Redirect 301 /ap-physics/ap-physics-san-jose.html /ap-physics-san-jose.html
Redirect 301 /ap-physics/ap-physics-saskatoon.html /ap-physics-saskatoon.html
Redirect 301 /ap-physics/ap-physics-springfield.html /ap-physics-springfield.html
Redirect 301 /ap-physics/ap-physics-surrey.html /ap-physics-surrey.html
Redirect 301 /ap-physics/ap-physics-tallahassee.html /ap-physics-tallahassee.html
Redirect 301 /ap-physics/ap-physics-toronto.html /ap-physics-toronto.html
Redirect 301 /ap-physics/ap-physics-trenton.html /ap-physics-trenton.html
Redirect 301 /ap-physics/ap-physics-vancouver.html /ap-physics-vancouver.html
Redirect 301 /ap-physics/ap-physics-vaughan.html /ap-physics-vaughan.html
Redirect 301 /ap-physics/ap-physics-victoria.html /ap-physics-victoria.html
Redirect 301 /ap-physics/ap-physics-washington-dc.html /ap-physics-washington-dc.html
Redirect 301 /ap-physics/ap-physics-waterloo.html /ap-physics-waterloo.html
Redirect 301 /ap-physics/ap-physics-winnipeg.html /ap-physics-winnipeg.html


Redirect 301 /MHF4U.html /mhf4u-course.html
Redirect 301 /mhf4u-advanced-functions-grade-12.html /mhf4u-course.html
Redirect 301 /MHF4U-course.html /mhf4u-course.html
Redirect 301 /ENG4U.html /eng4u-course.html
Redirect 301 /eng4u-english-grade-12.html /eng4u-course.html
Redirect 301 /MCR3U.html /mcr3u-course.html
Redirect 301 /mcr3u-grade-11-math-course.html /mcr3u-course.html
Redirect 301 /MCV4U.html /mcv4u-course.html
Redirect 301 /SCH3U.html /sch3u-course.html
Redirect 301 /SCH4U.html /sch4u-course.html
Redirect 301 /sch4u-chemistry-grade-12.html /sch4u-course.html
Redirect 301 /SPH3U.html /sph3u-course.html
Redirect 301 /sph3u-physics-grade-11.html /sph3u-course.html
Redirect 301 /sph4u-physics-grade-12.html /sph4u-course.html

Redirect 301 /summer_camp_english_writing/summer_camp_english_writing.html /summer-camp-english-writing/summer-camp-english-writing.html
Redirect 301 /summer-credit-course-mississauga-oakville.html /summer-credit-course.html


Redirect 301 /english/english-tutor-toronto.html /english/english-tutor-in-toronto.html
Redirect 301 /math/math-tutoring-toronto.html /math-tutoring-toronto.html
Redirect 301 /math/math-tutoring-burlington.html /math-tutoring-burlington.html
Redirect 301 /math/math-tutoring-caledon.html /math-tutoring-caledon.html
Redirect 301 /math/math-tutoring-calgary.html /math-tutoring-calgary.html
Redirect 301 /math/math-tutoring-edmonton.html /math-tutoring-edmonton.html
Redirect 301 /math/math-tutoring-etobicoke.html /math-tutoring-etobicoke.html
Redirect 301 /math/math-tutoring-markham.html /math-tutoring-markham.html
Redirect 301 /math/math-tutoring-milton.html /math-tutoring-milton.html
Redirect 301 /math/math-tutoring-newmarket.html /math-tutoring-newmarket.html
Redirect 301 /math/math-tutoring-north-york.html /math-tutoring-north-york.html
Redirect 301 /math/math-tutoring-oakville.html /math-tutoring-oakville.html
Redirect 301 /math/math-tutoring-ottawa.html /math-tutoring-ottawa.html
Redirect 301 /math/math-tutoring-richmond-hill.html /math-tutoring-richmond-hill.html
Redirect 301 /math/math-tutoring-saskatoon.html /math-tutoring-saskatoon.html
Redirect 301 /math/math-tutoring-vancouver.html /math-tutoring-vancouver.html
Redirect 301 /math/math-tutoring-vaughan.html /math-tutoring-vaughan.html
Redirect 301 /math/math-tutoring-waterloo.html /math-tutoring-waterloo.html
Redirect 301 /math/math-tutoring-winnipeg.html /math-tutoring-winnipeg.html

Redirect 301 /summer_school.html /summer-school.html

## Fix homepage duplicates
RewriteCond %{REQUEST_URI} ^/index.html$ [NC]
RewriteRule ^(.*)$ / [R,L]

#strange link. also need to be redirected
Redirect 301 /summer_camp_python/tutoring-vaughan.html /tutoring-vaughan.html

Redirect 301 /Ottawa /tutoring-ottawa.html
Redirect 301 /english/english-tutor-in-toronto.html /english-tutor-in-toronto.html
Redirect 301 /summer-camp-english-writing/summer-camp-english-writing.html /english-writing-summer-camp.html
#summer camp pages (Canada)

Redirect 301 /summer_camp_mississauga_oakville.html /english-writing-summer-camp.html
Redirect 301 /summer-camp-coding-class.html /summer-camp.html

Redirect 301 /summer-camp-coding-class-aurora.html /summer-camp-aurora.html
Redirect 301 /summer-camp-coding-class-burlington.html /summer-camp-burlington.html
Redirect 301 /summer-camp-coding-class-caledon.html /summer-camp-caledon.html
Redirect 301 /summer-camp-coding-class-calgary.html /summer-camp-calgary.html
Redirect 301 /summer-camp-coding-class-edmonton.html /summer-camp-edmonton.html
Redirect 301 /summer-camp-coding-class-etobicoke.html /summer-camp-etobicoke.html
Redirect 301 /summer-camp-coding-class-georgetown.html /summer-camp-georgetown.html
Redirect 301 /summer-camp-coding-class-guelph.html /summer-camp-guelph.html
Redirect 301 /summer-camp-coding-class-kanata.html /summer-camp-kanata.html
Redirect 301 /summer-camp-coding-class-markham.html /summer-camp-markham.html
Redirect 301 /summer-camp-coding-class-milton.html /summer-camp-milton.html
Redirect 301 /summer-camp-coding-class-mississauga.html /summer-camp-mississauga.html
Redirect 301 /summer-camp-coding-class-montreal.html /summer-camp-montreal.html
Redirect 301 /summer-camp-coding-class-newmarket.html /summer-camp-newmarket.html
Redirect 301 /summer-camp-coding-class-north-york.html /summer-camp-north-york.html
Redirect 301 /summer-camp-coding-class-oakville.html /summer-camp-oakville.html
Redirect 301 /summer-camp-coding-class-ottawa.html /summer-camp-ottawa.html
Redirect 301 /summer-camp-coding-class-richmond-hill.html /summer-camp-richmond-hill.html
Redirect 301 /summer-camp-coding-class-richmond.html /summer-camp-richmond.html
Redirect 301 /summer-camp-coding-class-saskatoon.html /summer-camp-saskatoon.html
Redirect 301 /summer-camp-coding-class-surrey.html /summer-camp-surrey.html
Redirect 301 /summer-camp-coding-class-toronto.html /summer-camp-toronto.html
Redirect 301 /summer-camp-coding-class-vancouver.html /summer-camp-vancouver.html
Redirect 301 /summer-camp-coding-class-vaughan.html /summer-camp-vaughan.html
Redirect 301 /summer-camp-coding-class-victoria.html /summer-camp-victoria.html
Redirect 301 /summer-camp-coding-class-waterloo.html /summer-camp-waterloo.html
Redirect 301 /summer-camp-coding-class-winnipeg.html /summer-camp-winnipeg.html



Redirect 301 /physics-chemistry-tutoring-mississauga.html /science-tutor-mississauga-oakville.html
Redirect 301 /math-tutoring-mississauga-oakvile.html /math-tutor-mississauga-oakville.html

Redirect 301 /math_help/chemistry-tutoring.html /chemistry-tutoring.html
Redirect 301 /tutoring-northyork.html /tutoring-north-york.html
Redirect 301 /tutoring-oakville.html /tutoring_oakville/
Redirect 301 /tutoring-richmondhill.html /tutoring-richmond-hill.html
Redirect 301 /vaughan_tutoring/english_tutoring_vaughan.html /english-tutor-in-vaughan.html
Redirect 301 /tutoring_richmond_hill/english_tutoring_richmond_hill.html /english-tutor-in-richmond-hill.html

# capital letter fix
Redirect 301 /AP-Calculus-Milton.html /ap-calculus-milton.html
Redirect 301 /AP-Calculus-ottawa.html /ap-calculus-ottawa.html
Redirect 301 /AP-Calculus-Ottawa.html /ap-calculus-ottawa.html
Redirect 301 /AP-Calculus-NorthYork.html /ap-calculus-northyork.html
Redirect 301 /AP-Calculus-Surrey.html /ap-calculus-surrey.html
Redirect 301 /AP-Calculus-Newmarket.html /ap-calculus-newmarket.html
Redirect 301 /ap-alculus-islip.html /ap-calculus-islip.html
Redirect 301 /tutoring-north-yourk.html /tutoring-north-york.html
Redirect 301 /english-tutor-winnipeg.html /english-tutor-in-winnipeg.html
Redirect 301 /english-tutor-in-Caledon.html /english-tutor-in-caledon.html
Redirect 301 /english-tutor-caledon.html /english-tutor-in-caledon.html
Redirect 301 /math-tutoring-Guelph.html /math-tutoring-guelph.html
Redirect 301 /english-tutor-victoria.html /english-tutor-in-victoria.html
Redirect 301 /english-tutor-edmonton.html /english-tutor-in-edmonton.html
Redirect 301 /OUAC.html /ouac.html
Redirect 301 /english-tutor-in-Kanata.html /english-tutor-in-kanata.html
Redirect 301 /english-tutor-ottawa.html /english-tutor-in-ottawa.html
Redirect 301 /english-tutor-etobicoke.html /english-tutor-in-etobicoke.html
Redirect 301 /english-tutor-Vaughan.html /english-tutor-in-vaughan.html
Redirect 301 /english-tutor-north-york.html /english-tutor-in-north-york
Redirect 301 /english-tutor-vancouver.html /english-tutor-in-vancouver.html
Redirect 301 /english-tutor-calgary.html /english-tutor-in-calgary.html
Redirect 301 /english-tutor-in-Vaughan.html /english-tutor-in-vaughan.html
Redirect 301 /english-tutor-surrey.html /english-tutor-in-surrey.html
Redirect 301 /english-tutor-vaughan.html /english-tutor-in-vaughan.html
Redirect 301 /english-tutor-richmond.html /english-tutor-in-richmond.html
Redirect 301 /english-tutoring-Vaughan.html /english-tutor-in-vaughan.html
Redirect 301 /ap-chemistry-seattle.html /ap-chemistry-in-seattle.html
Redirect 301 /ap-chemistry-in-bellevue%20.html /ap-chemistry-in-bellevue.html
Redirect 301 /3030-minute-timer.html /30-minute-timer.html
Redirect 301 /tutoring_richmond_hill/advanced_functions_tutoring_richmond_hill.html /tutoring_richmond_hill/advanced_functions/
Redirect 301 /tutoring_guelph/english_writing_class_tutoring_guelph.html /tutoring_guelph/english_writing_class/
Redirect 301 /tutoring_richmond_hill/chemistry12_tutoring_richmond_hill.html /tutoring_richmond_hill/chemistry_12/
Redirect 301 /tutoring_richmond_hill/science_tutoring_richmond_hill.html /tutoring_richmond_hill/science/
Redirect 301 /tutoring_ottawa/english_writing_class_tutoring_ottawa.html /tutoring_ottawa/english_writing_class/
Redirect 301 /tutoring_waterloo/english_writing_class_tutoring_waterloo.html /tutoring_waterloo/english_writing_class/
Redirect 301 /summer_camp_speech/tutoring-vaughan.html /tutoring-vaughan.html
Redirect 301 /ap-physics/ap-physics-1.html /ap-physics-mississauga.html
Redirect 301 /ap-alculus-san-francisco.html /ap-calculus-san-francisco.html
Redirect 301 /tutoring-naperville.html /tutoring-waterloo.html
Redirect 301 /tutoring-saint-paul.html /tutoring-waterloo.html

RewriteCond %{REQUEST_URI} (.+) [NC]
RewriteRule ^tutoring_markham\/(.+)$ /tutoring-markham.html [R=301,L]
RewriteRule ^tutoring_milton\/(.+)$ /tutoring-milton.html [R=301,L]
RewriteRule ^tutoring_toronto\/(.+)$ /tutoring-toronto.html [R=301,L]
RewriteRule ^tutoring_vaughan\/(.+)$ /tutoring-vaughan.html [R=301,L]
RewriteRule ^tutoring_calgary\/(.+)$ /tutoring-calgary.html [R=301,L]
RewriteRule ^ap-chemistry-in-bellevue\s.html$ /ap-chemistry-in-bellevue.html [R=301,L]
RewriteRule ^summer-credit-course-mississauga-oakville\.html\/$ /summer-credit-course.html [R=301,L]
RewriteRule ^toronto\/pdf\/tips\/6\.\sStudy\sHandbook\sVictor\sE-6-8\.pdf$ /Home_files/pdf/tips/6.\ Study\ Handbook\ Victor\ E-6-8.pdf [R=301,L]
RewriteRule ^toronto\/pdf\/tips\/3\.\sPandemic\sshutdown\snewsletter\.pdf$ /Home_files/pdf/tips/3.\ Pandemic\ shutdown\ newsletter.pdf [R=301,L]
RewriteRule ^toronto\/pdf\/tips\/2\.\sVictor\sWeekly\s-\sHow\sto\sWrite\sa\sBook\sReport\.pdf$ /Home_files/pdf/tips/2.\ Victor\ Weekly\ -\ How\ to\ Write\ a\ Book\ Report.pdf [R=301,L]

Redirect 301 /private-tutor-victoria.html /tutoring-victoria.html
Redirect 301 /private-tutor-Guelph.html /tutoring-guelph.html
Redirect 301 /private-tutor-Milton.html /tutoring-milton.html
Redirect 301 /private-tutor-north-york.html /tutoring-north-york.html
Redirect 301 /private-tutor-Vaughan.html /tutoring-vaughan.html
Redirect 301 /private-tutor-richmond.html /tutoring-richmond.html
Redirect 301 /private-tutor-surrey.html /tutoring-surrey.html

Redirect 301 /AP-Calculus-AB-Lower-Merion.html /ap-calculus-lower-merion.html
Redirect 301 /AP-Calculus-AB-Babylon.html /ap-calculus-babylon.html
Redirect 301 /AP-Calculus-AB-Naperville.html /ap-calculus-naperville.html
Redirect 301 /AP-Calculus-AB-Islip.html /ap-calculus-islip.html
Redirect 301 /AP-Calculus-AB_Etobicoke.html /ap-calculus-etobicoke.html
Redirect 301 /AP-Calculus-AB-Manhattan.html /ap-calculus-manhattan.html
Redirect 301 /AP-Calculus-AB_Georgetown.html /ap-calculus-georgetown.html
Redirect 301 /AP-Calculus-AB-Seattle.html /ap-calculus-seattle.html
Redirect 301 /AP-Calculus-AB_Toronto.html /ap-calculus-toronto.html
Redirect 301 /AP-Calculus-AB_Richmond.html /ap-calculus-richmond.html
Redirect 301 /AP-Calculus-AB-North-Hempstead.html /ap-calculus-north-hempstead.html
Redirect 301 /AP-Calculus-AB_Oakville.html /ap-calculus-oakville.html
Redirect 301 /AP-Calculus-AB_NorthYork.html /ap-calculus-north-york.html
Redirect 301 /AP-Calculus-AB_Aurora.html /ap-calculus-aurora.html
Redirect 301 /AP-Calculus-AB_Vancouver.html /ap-calculus-vancouver.html
Redirect 301 /AP-Calculus-AB_Edmonton.html /ap-calculus-edmonton.html
Redirect 301 /AP-Calculus-AB.html /ap-calculus-ab.html

Redirect 301 /toronto/pdf/tips/2.%20Victor%20Weekly%20-%20How%20to%20Write%20a%20Book%20Report.pdf /Home_files/pdf/tips/2.%20Victor%20Weekly%20-%20How%20to%20Write%20a%20Book%20Report.pdf
#Redirect 301 /toronto/pdf/tips/6.%20Study%20Handbook%20Victor%20E-6-8.pdf /Home_files/pdf/tips/6.%20Study%20Handbook%20Victor%20E-6-8.pdf



RewriteCond %{REQUEST_URI} \.html$ [NC]
RewriteRule ^factor-of-(.+)\.html$ /factors-of-$1.html [R=301,L]
RewriteCond %{REQUEST_URI} !^/chemistry-tutoring.html$ [NC]
RewriteCond %{REQUEST_URI} chemistry-tutoring.html$ [NC]
RewriteRule ^(.*)$ /chemistry-tutoring.html [R=301,L]

RewriteCond %{REQUEST_URI} !^/modified-semester.html$ [NC]
RewriteCond %{REQUEST_URI} modified-semester.html$ [NC]
RewriteRule ^(.*)$ /modified-semester.html [R=301,L]

RewriteCond %{REQUEST_URI} !^/Home_files/pdf/city/Academic\ Advice\ -\ 3\ Tips\ for\ Building\ Confidence.pdf$ [NC]
RewriteCond %{REQUEST_URI} pdf/Academic\ Advice\ -\ 3\ Tips\ for\ Building\ Confidence.pdf$ [NC]
RewriteRule ^(.*)$ /Home_files/pdf/city/Academic\ Advice\ -\ 3\ Tips\ for\ Building\ Confidence.pdf [R=301,L]

RewriteCond %{REQUEST_URI} !^/Home_files/pdf/city/Academic\ Advice\ -\ How\ to\ build\ self\ motivation.pdf$ [NC]
RewriteCond %{REQUEST_URI} pdf/Academic\ Advice\ -\ How\ to\ build\ self\ motivation.pdf$ [NC]
RewriteRule ^(.*)$ /Home_files/pdf/city/Academic\ Advice\ -\ How\ to\ build\ self\ motivation.pdf [R=301,L]

RewriteCond %{REQUEST_URI} !^/Home_files/pdf/city/How\ to\ Build\ Long\ Term\ Academic\ Success\ p1.pdf$ [NC]
RewriteCond %{REQUEST_URI} pdf/How\ to\ Build\ Long\ Term\ Academic\ Success\ p1.pdf$ [NC]
RewriteRule ^(.*)$ /Home_files/pdf/city/How\ to\ Build\ Long\ Term\ Academic\ Success\ p1.pdf [R=301,L]

RewriteCond %{REQUEST_URI} !^/Home_files/pdf/city/Study\ Handbook\ Victor\ E.pdf$ [NC]
RewriteCond %{REQUEST_URI} pdf/Study\ Handbook\ Victor\ E.pdf$ [NC]
RewriteRule ^(.*)$ /Home_files/pdf/city/Study\ Handbook\ Victor\ E.pdf [R=301,L]

#Redirect 301 / /

ErrorDocument 404 /404.html

#Redirect to https
RewriteEngine On 




RewriteCond %{HTTP_HOST} ^qetutoring\.com$
RewriteRule ^/?$ "https\:\/\/www\.qetutoring\.com\/" [R=301,L]
